"TEMPERATURE.1.","TEMPERATURE.2.","TEMPERATURE.3.","TEMPERATURE.4.","TEMPERATURE.5.","TEMPERATURE.6.","TEMPERATURE.7.","TEMPERATURE.8.","TEMPERATURE.9.","TEMPERATURE.10.","TEMPERATURE.11.","TEMPERATURE.12.","TEMPERATURE.13.","TEMPERATURE.14.","TEMPERATURE.15.","TEMPERATURE.16.","TEMPERATURE.17.","TEMPERATURE.18.","TEMPERATURE.19.","TEMPERATURE.20.","TEMPERATURE.21.","TEMPERATURE.22.","TEMPERATURE.23.","TEMPERATURE.24.","TEMPERATURE.25.","TEMPERATURE.26.","TEMPERATURE.27.","TEMPERATURE.28.","TEMPERATURE.29.","TEMPERATURE.30.","TEMPERATURE.31.","TEMPERATURE.32.","TEMPERATURE.33.","TEMPERATURE.34.","TEMPERATURE.35.","TEMPERATURE.36.","TEMPERATURE.37.","TEMPERATURE.38.","TEMPERATURE.39.","TEMPERATURE.40.","TEMPERATURE.41.","TEMPERATURE.42.","TEMPERATURE.43.","TEMPERATURE.44.","TEMPERATURE.45.","TEMPERATURE.46.","TEMPERATURE.47.","TEMPERATURE.48.","TEMPERATURE.49.","TEMPERATURE.50."
"1",9.6404934,9.6471611,9.6505784,9.6528958,9.6546535,9.6560699,9.6572553,9.6582732,9.6591638,9.6599542,9.6606633,9.6613051,9.66189,9.6624263,9.6629204,9.6633772,9.6638012,9.6641956,9.6645633,9.6649068,9.665228,9.6655287,9.6658103,9.6660741,9.6663211,9.6665522,9.6667864,9.667024,9.6672651,9.6675101,9.6677592,9.6680127,9.6682711,9.6685346,9.6688035,9.6690779,9.6693572,9.6696709,9.6700518,9.6705556,9.6723916,9.676335,9.6802149,9.685212,9.6902233,9.6947794,9.6986276,9.7015451,9.7033334,9.7040408
"2",9.4035569,9.4097919,9.4134026,9.4157163,9.4174422,9.4188359,9.419968,9.4209242,9.4217546,9.4224849,9.4231349,9.4237222,9.4242587,9.424753,9.4252109,9.4256368,9.4260341,9.4264055,9.4267535,9.4270802,9.4273873,9.4276768,9.4279516,9.4282136,9.4284643,9.4287052,9.4289508,9.4292037,9.4294646,9.4297356,9.4300237,9.4303703,9.4307806,9.4312572,9.431808,9.4324581,9.4332345,9.4343161,9.43554,9.4367996,9.4380774,9.4393091,9.4405909,9.44197,9.4434446,9.4452701,9.4482099,9.4523909,9.4656799,9.4812623
"3",8.9851278,8.9912704,8.9944306,8.9965809,8.9982171,8.9995393,9.0006487,9.0016036,9.0024411,9.0031859,9.0038555,9.0044626,9.0050171,9.0055263,9.0059962,9.0064315,9.006836,9.007213,9.0075651,9.0078945,9.0082031,9.0084925,9.0087642,9.0090192,9.0092586,9.0094833,9.0097118,9.0099444,9.0101814,9.010423,9.0106697,9.010922,9.0111803,9.0114452,9.0117174,9.0119988,9.0122932,9.0126057,9.0129487,9.0133619,9.0140264,9.0150627,9.0162766,9.0174655,9.0186636,9.0199856,9.0216443,9.0239614,9.0305425,9.0414892
"4",8.4985193,8.5067005,8.5116532,8.5151191,8.5178013,8.5201218,8.5221965,8.5242666,8.5261861,8.527832,8.5292889,8.5306482,8.5319191,8.5331558,8.5343203,8.5354173,8.5364285,8.5373835,8.5382125,8.5389818,8.5397147,8.5403982,8.5410791,8.5417086,8.5423029,8.5429221,8.5434792,8.5440272,8.5445427,8.5450452,8.5455314,8.5460238,8.5465061,8.5469932,8.5474889,8.5479923,8.5485006,8.5490361,8.5496033,8.5502117,8.5510093,8.5520807,8.5533983,8.5555049,8.5596939,8.5676625,8.5835711,8.6159934,8.673472,8.7564822
"5",8.1843416,8.1890037,8.1914079,8.1930486,8.1943006,8.1953151,8.1961687,8.1969057,8.1975538,8.1981319,8.1986532,8.1991274,8.1995618,8.1999621,8.2003327,8.2006772,8.2009985,8.2012989,8.2015805,8.2018448,8.2020938,8.2023296,8.2025536,8.2027669,8.2029706,8.2031659,8.2033678,8.203577,8.2037951,8.2040242,8.204266,8.2045233,8.2048211,8.205137,8.2054766,8.2058352,8.2062394,8.2068462,8.2078143,8.2089855,8.2105312,8.2123962,8.214804,8.2175386,8.2202763,8.2229121,8.2274469,8.234492,8.2451368,8.2555796
"6",7.8351118,7.8398476,7.8422828,7.8439406,7.8452026,7.8462228,7.8470792,7.8478167,7.8484638,7.8490395,7.8495573,7.8500272,7.8504564,7.8508509,7.8512151,7.8515527,7.8518666,7.8521594,7.852433,7.8526891,7.8529292,7.8531545,7.8533661,7.8535648,7.8537515,7.8539269,7.8541053,7.8542869,7.8544721,7.8546611,7.8548542,7.8550518,7.8552544,7.8554628,7.8556777,7.8559007,7.8561337,7.8563797,7.8566451,7.8570259,7.8575276,7.8581485,7.8589516,7.8600375,7.8620433,7.864384,7.8679488,7.8767773,7.8886924,7.8976982
"7",7.4166522,7.4251821,7.4358755,7.4415955,7.4454606,7.4484487,7.4509777,7.4530933,7.4549364,7.4564782,7.4578423,7.4591342,7.4602321,7.4612197,7.4621151,7.4629649,7.4637496,7.4644839,7.4651821,7.4657982,7.4663679,7.466921,7.4674263,7.467986,7.4684777,7.4690585,7.4696176,7.4702381,7.4708691,7.4714953,7.4720811,7.4726205,7.4731917,7.4737684,7.4743549,7.4749579,7.4756078,7.476374,7.4773212,7.4787969,7.4802237,7.4821083,7.484306,7.4868257,7.4904,7.4960196,7.5065912,7.5349058,7.615499,7.6787325
"8",7.1024638,7.1087281,7.1119662,7.1144151,7.1163271,7.1179433,7.1193827,7.1206368,7.1217377,7.1227274,7.1236232,7.1244359,7.1251772,7.1258622,7.1265094,7.1271318,7.1277384,7.1283365,7.128932,7.1295555,7.1302116,7.1308424,7.1314662,7.1320799,7.132688,7.1332804,7.1339207,7.1345147,7.1351188,7.1357261,7.1363147,7.1369152,7.1375284,7.1382015,7.1389059,7.139649,7.1404709,7.1414271,7.1426129,7.1439802,7.1457241,7.147996,7.1522287,7.1586655,7.1713813,7.1987556,7.2415507,7.313465,7.4337681,7.5245774
"9",6.8296559,6.834994,6.839198,6.8426724,6.8455698,6.847885,6.8496456,6.8512259,6.8525763,6.8537901,6.8548878,6.8559724,6.8569742,6.8579458,6.8588343,6.8596838,6.860507,6.8612694,6.8620354,6.8627698,6.8635144,6.8642349,6.8649903,6.865728,6.8664969,6.8672698,6.8680811,6.8688805,6.86974,6.8706075,6.8715249,6.8725396,6.8738882,6.8757578,6.8781719,6.8809928,6.8847114,6.8891668,6.8959897,6.9061101,6.9198956,6.9370958,6.9559606,6.9819179,7.0407896,7.0832043,7.1304594,7.1961475,7.284949,7.3513333
"10",6.6378978,6.6414922,6.6433402,6.6446,6.6455605,6.6463383,6.6469924,6.6475567,6.6480529,6.6484953,6.6488942,6.649257,6.6495895,6.6498958,6.6501796,6.6504435,6.6506897,6.6509202,6.6511363,6.6513395,6.6515308,6.6517111,6.6518812,6.6520417,6.6521932,6.6523366,6.6524832,6.6526331,6.6527868,6.6529446,6.6531072,6.6532748,6.6534483,6.6536281,6.6538151,6.6540105,6.654217,6.6544425,6.6546983,6.6550079,6.6555932,6.6576815,6.6608106,6.667663,6.7008932,6.8307839,6.9562507,7.0825238,7.1891662,7.241858
"11",6.3861848,6.3905653,6.3928295,6.3943773,6.3955559,6.3965568,6.3975301,6.3984448,6.3992654,6.4000166,6.4007109,6.4013619,6.4019672,6.4025407,6.4031147,6.4036515,6.4041633,6.4046678,6.4051437,6.405652,6.4061323,6.4066007,6.4070674,6.4075345,6.408021,6.4085228,6.409124,6.4098002,6.4108732,6.4120063,6.4132057,6.4145838,6.4159851,6.4178659,6.4203598,6.4238847,6.4268374,6.4291647,6.4319975,6.4354798,6.4400162,6.4462599,6.4527904,6.4613445,6.4796168,6.5477575,6.7054317,6.8810875,7.0195816,7.0862208
"12",6.1454586,6.1535344,6.1755089,6.1868996,6.1931102,6.1973394,6.2004716,6.2030591,6.2051082,6.206993,6.2087152,6.2103841,6.2119173,6.2133448,6.2146704,6.2160182,6.2173644,6.2186993,6.2200341,6.2213561,6.22261,6.2238859,6.2251916,6.2265943,6.2281481,6.2298741,6.231658,6.2332543,6.2346831,6.2360382,6.2373582,6.2387652,6.2402844,6.2421036,6.2441853,6.2469795,6.2507468,6.2558273,6.2630937,6.2736672,6.2867843,6.3035626,6.3247357,6.3536471,6.4015051,6.5037612,6.6499809,6.773924,6.8799842,6.9439378
"13",5.8956086,5.9012715,5.9046238,5.9081499,5.9113129,5.9146645,5.9180761,5.9216385,5.9255457,5.9296448,5.9336131,5.936918,5.9396869,5.9418714,5.9433343,5.9444567,5.945378,5.9461506,5.9467805,5.9473428,5.9478721,5.9483431,5.9487768,5.9491819,5.9495493,5.9499107,5.9502253,5.9505313,5.9508309,5.9511428,5.9514585,5.9517807,5.9521182,5.9524588,5.9528129,5.9531878,5.953596,5.9540682,5.9546488,5.9554591,5.9569166,5.9595184,5.9633173,5.9710347,5.9897673,6.0459668,6.1322894,6.2201498,6.3022448,6.34401
"14",5.4907644,5.4967043,5.4997713,5.5018669,5.5034672,5.5047643,5.5058557,5.5067975,5.5076251,5.5083624,5.5090296,5.5096433,5.5102096,5.5107355,5.5112269,5.5116888,5.5121253,5.5125396,5.5129346,5.5133125,5.5136754,5.514025,5.5143628,5.5146901,5.5150082,5.5153179,5.5156345,5.5159577,5.5162888,5.5166298,5.5170211,5.5173975,5.5177622,5.518129,5.5185034,5.5188907,5.5192963,5.5197368,5.5202634,5.5208429,5.521566,5.5223913,5.5234302,5.5254406,5.5285845,5.5346986,5.5497957,5.582372,5.6297151,5.6808724
"15",5.1889272,5.1932949,5.1979336,5.2013209,5.2041103,5.2066461,5.2088888,5.2109468,5.212774,5.2144758,5.2161811,5.2183862,5.2205164,5.2226124,5.2247822,5.22695,5.2292294,5.2316816,5.2345914,5.2374563,5.2403472,5.2431592,5.2459232,5.2487864,5.2516723,5.2544489,5.2568853,5.2590798,5.2611492,5.2630408,5.2647113,5.2660548,5.2671962,5.2682421,5.269287,5.2703592,5.2714877,5.272707,5.274056,5.2756378,5.2773769,5.2792576,5.2819009,5.285975,5.2930172,5.3051364,5.3312694,5.3840916,5.4617656,5.5399915
"16",5.0238444,5.0275797,5.029543,5.0309054,5.0319601,5.0328254,5.0335607,5.0342056,5.0348087,5.0353962,5.0359702,5.0365418,5.0371358,5.0377623,5.0384404,5.0392109,5.0405652,5.042132,5.0438811,5.045964,5.0490638,5.0531641,5.0581781,5.064384,5.0719435,5.0810408,5.0913684,5.1030261,5.1142459,5.1248636,5.1355322,5.1468734,5.1600953,5.1720375,5.1816745,5.190216,5.1984126,5.2070036,5.215948,5.2258676,5.2371508,5.2498947,5.27192,5.2866496,5.3000056,5.3168183,5.3398322,5.3712544,5.4097098,5.4425625
"17",4.8287438,4.8336691,4.8399821,4.8432896,4.8455323,4.8473647,4.8489366,4.8502965,4.8514525,4.8524898,4.8535006,4.8543942,4.8552152,4.8559562,4.856663,4.8573504,4.8580447,4.8587274,4.8594306,4.8601999,4.8610391,4.8619686,4.8629025,4.8638589,4.8648323,4.8658459,4.8668307,4.867725,4.8685442,4.8693034,4.8699495,4.8705135,4.871029,4.8715072,4.8719869,4.8725043,4.8730862,4.8737868,4.8746571,4.8760525,4.878691,4.8823892,4.8896656,4.905217,4.9349968,5.0201663,5.2007122,5.3039949,5.3642814,5.3954592
"18",4.6822408,4.685853,4.6907571,4.6932014,4.6946956,4.6957702,4.6966458,4.697347,4.6979393,4.698457,4.6989405,4.6993745,4.6997653,4.7001395,4.7004954,4.7008275,4.7011539,4.70148,4.7018123,4.7021312,4.7024476,4.7027637,4.7030858,4.7034052,4.7037366,4.7040813,4.7044482,4.7048392,4.7052664,4.7057635,4.7064436,4.7071169,4.7079289,4.7093201,4.7107822,4.7123746,4.7143852,4.7172943,4.7217923,4.7286269,4.7411531,4.7678398,4.7991879,4.8383957,4.8984679,4.9898871,5.0862846,5.1845196,5.2661245,5.3143721
"19",4.5684404,4.5711891,4.5731625,4.574395,4.5753325,4.5760782,4.5767037,4.577254,4.577729,4.57815,4.5785156,4.5788503,4.579155,4.5794423,4.5797156,4.5799739,4.5802268,4.58047,4.580711,4.5809406,4.5811758,4.5814065,4.581635,4.5818724,4.5821457,4.5824489,4.5827226,4.5830074,4.5833261,4.5836576,4.5840222,4.5844324,4.5848987,4.5854686,4.5862242,4.5872086,4.5885466,4.5904849,4.5933944,4.5983181,4.60722,4.6205698,4.6431192,4.6808963,4.7450479,4.8565952,4.9942766,5.1038293,5.1816291,5.2261909
"20",4.5376393,4.5388674,4.5391336,4.5394133,4.5396391,4.5398108,4.5399466,4.5400678,4.5401691,4.5402526,4.5403228,4.5403821,4.5404331,4.5404772,4.5405198,4.5405605,4.5406,4.5406383,4.5406759,4.5407138,4.540753,4.5407952,4.5408413,4.5408931,4.540953,4.5410224,4.5411069,4.5412292,4.5413604,4.5415076,4.541693,4.5419385,4.5422861,4.5427687,4.5433348,4.5440932,4.5451955,4.5466858,4.5488217,4.5525847,4.5587453,4.5687038,4.5867396,4.6249853,4.6760878,4.7564198,4.8807878,5.0025318,5.0893531,5.1383341
"21",4.5108729,4.5116874,4.5009966,4.4978039,4.4965238,4.4958671,4.4954423,4.4951463,4.4949023,4.4947139,4.4945495,4.4943859,4.494237,4.4941093,4.49399,4.4938901,4.4938009,4.4937226,4.4936585,4.4936073,4.493573,4.4935567,4.4935576,4.4935785,4.4936222,4.4936922,4.4937952,4.4939391,4.4941874,4.4945764,4.4951383,4.4956451,4.4962763,4.4971126,4.4981768,4.4994259,4.5007101,4.502272,4.5043644,4.5073087,4.5120569,4.5204771,4.537776,4.5739578,4.6351972,4.7269891,4.8247649,4.9221836,4.9998837,5.0449006
"22",4.3917878,4.3938953,4.3949974,4.3961714,4.3971649,4.3980575,4.398888,4.3997069,4.4005327,4.4013683,4.4022445,4.4032357,4.4041911,4.4049447,4.4055997,4.4061911,4.4067748,4.4073507,4.4079488,4.4085411,4.4091565,4.4098282,4.4105759,4.4114019,4.412267,4.4131457,4.4141093,4.4152437,4.4165948,4.4185467,4.4217052,4.4244705,4.4268276,4.4293457,4.4323362,4.4360799,4.440706,4.4465858,4.4544953,4.4656797,4.4819378,4.5060842,4.5419874,4.5886332,4.6452732,4.7143338,4.7914724,4.8665938,4.9275396,4.9634504
"23",4.3813612,4.3829937,4.383786,4.3843117,4.3847041,4.3850158,4.3852734,4.3854921,4.3856816,4.3858484,4.3859969,4.3861307,4.386253,4.3863667,4.3864737,4.3865754,4.3866722,4.386765,4.3868546,4.3869419,4.3870279,4.3871133,4.387199,4.3872862,4.3873764,4.3874707,4.3875725,4.3876983,4.3878692,4.388078,4.3883565,4.3888134,4.3895654,4.3904693,4.391554,4.3928145,4.3943883,4.3966254,4.3997166,4.4046623,4.4124976,4.4259993,4.4519834,4.4919099,4.5526029,4.6310902,4.723365,4.811357,4.8692805,4.9018774
"24",4.3431096,4.344457,4.3450921,4.3455054,4.3458084,4.3460448,4.3462365,4.346396,4.3465315,4.3466487,4.3467515,4.3468428,4.3469255,4.3470008,4.3470699,4.3471339,4.3471939,4.3472511,4.3473058,4.3473583,4.3474095,4.3474597,4.3475094,4.347559,4.3476094,4.3476609,4.3477139,4.3477689,4.3478497,4.3479581,4.3480641,4.3481735,4.3483512,4.3484626,4.3486003,4.3488271,4.3490271,4.3493507,4.3499497,4.3510806,4.3542322,4.3654618,4.4021024,4.4597173,4.5210092,4.5907085,4.6686772,4.7453984,4.8058579,4.8368876
"25",4.2438256,4.2470486,4.2486992,4.2502089,4.2515139,4.2526835,4.2538724,4.2549988,4.2561277,4.2571962,4.25828,4.259328,4.2603648,4.2614096,4.2625054,4.2636397,4.2647785,4.2658104,4.2666833,4.2674532,4.2681785,4.2688052,4.2693992,4.2699712,4.2705521,4.2711187,4.271699,4.2723052,4.2730052,4.2737634,4.2748688,4.2764088,4.2781203,4.2801716,4.2829243,4.2874215,4.2949451,4.3036866,4.3128997,4.3263983,4.3459025,4.3686619,4.4049391,4.4522909,4.5120667,4.5780072,4.6429478,4.7038651,4.7525312,4.777103
"26",4.228886,4.2294037,4.2296103,4.2297313,4.2298116,4.2298681,4.2299089,4.2299389,4.2299611,4.2299773,4.2299883,4.2299955,4.2299995,4.230001,4.2300004,4.2299978,4.2299933,4.2299872,4.2299793,4.2299697,4.2299582,4.2299446,4.2299285,4.2299089,4.2298698,4.2298224,4.229782,4.2297351,4.2296917,4.2296419,4.229591,4.2295419,4.2295037,4.229476,4.229463,4.2294915,4.2296791,4.2299577,4.2304983,4.2318397,4.237658,4.2566686,4.2932887,4.3439267,4.4074505,4.4842809,4.5687983,4.6466671,4.6983582,4.7230726
"27",4.2685257,4.2687243,4.2687071,4.2686551,4.2685914,4.2685188,4.2684394,4.2683521,4.2682565,4.2681147,4.2679676,4.2678184,4.2676424,4.2674475,4.267227,4.266998,4.266758,4.2664808,4.2661215,4.2656608,4.2650279,4.2641809,4.2632722,4.2624768,4.2616087,4.2604878,4.2587083,4.2565321,4.2538837,4.2515532,4.2494029,4.2478011,4.2465714,4.2456647,4.2450447,4.2447285,4.2448396,4.2458104,4.2486255,4.2552871,4.2673663,4.288209,4.3193274,4.3607979,4.4127062,4.4751655,4.5454358,4.6029345,4.6406104,4.6593657
"28",4.4608828,4.4577222,4.4445552,4.4380596,4.4334243,4.4290922,4.424675,4.4214984,4.4190765,4.4169602,4.4150117,4.4132421,4.4115532,4.4099274,4.4083284,4.4067987,4.4051194,4.4034834,4.4018322,4.4001262,4.3983054,4.3963631,4.3941585,4.3916647,4.388965,4.3862441,4.3836664,4.3811953,4.3787806,4.3761895,4.3733539,4.3699769,4.3665765,4.3628504,4.3584144,4.3525424,4.3440878,4.3305577,4.3161568,4.3093457,4.3118084,4.3238012,4.3459949,4.3787072,4.4212077,4.4708531,4.5220795,4.5675139,4.6024647,4.6218954
"29",4.4635275,4.4635928,4.463306,4.4631804,4.4630913,4.4630095,4.4629342,4.4628641,4.462803,4.4627437,4.4626867,4.4626291,4.4625721,4.462517,4.4624613,4.462404,4.4623458,4.4622838,4.4622176,4.4621436,4.4620604,4.4619624,4.4618458,4.4617004,4.4615134,4.4612663,4.4609101,4.4603339,4.4595325,4.4582664,4.4564337,4.4537476,4.4501061,4.4465122,4.4425642,4.4369714,4.4279614,4.4145564,4.4001261,4.3860992,4.3744962,4.3711453,4.3806952,4.4012089,4.4310362,4.4673534,4.5059534,4.5419126,4.5705349,4.5876376
"30",4.6682672,4.6641404,4.649338,4.6423345,4.6381028,4.6346266,4.6310408,4.6272706,4.6241429,4.6211644,4.6181854,4.6150779,4.6118673,4.6083086,4.6044626,4.6009896,4.5977441,4.5945887,4.5915776,4.5886604,4.5857494,4.5828183,4.5797295,4.5764124,4.5726068,4.5688553,4.5652108,4.5614663,4.5569917,4.5518964,4.5444076,4.5337361,4.5246373,4.5160529,4.504964,4.4894189,4.4770444,4.4674778,4.45528,4.4408286,4.4289133,4.4220674,4.4225731,4.4313729,4.4482113,4.4715204,4.4983629,4.5249916,4.547812,4.5642987
"31",4.9134327,4.9063765,4.8925815,4.8721311,4.8574665,4.8494205,4.8439691,4.8400184,4.8366728,4.8337769,4.8311632,4.8286752,4.8263314,4.8241327,4.8220403,4.8200867,4.8182347,4.8164505,4.8147143,4.8130395,4.8114651,4.8099045,4.8083477,4.8068039,4.8052455,4.8037059,4.8020512,4.8003594,4.798553,4.796606,4.7943215,4.7913793,4.7875212,4.7826553,4.7752747,4.7635343,4.7392141,4.6867452,4.6209416,4.574764,4.5393788,4.5096383,4.4853729,4.4735957,4.4763433,4.4863628,4.5013101,4.5189423,4.5364884,4.5510064
"32",4.8625281,4.8620988,4.8613409,4.8609599,4.8605762,4.8602143,4.8598891,4.8595901,4.8592606,4.8588603,4.8584156,4.8579714,4.8575799,4.8571907,4.85678,4.856347,4.8558872,4.8554113,4.8549581,4.8545733,4.854178,4.8537276,4.8531512,4.8523098,4.8511804,4.8498202,4.8482502,4.8464815,4.844526,4.8424228,4.8401709,4.837756,4.8350452,4.8321942,4.8293814,4.826543,4.8236724,4.8207161,4.8175933,4.8141488,4.8101265,4.8047652,4.789511,4.7816553,4.7750101,4.7692039,4.7641932,4.7602311,4.7578395,4.7572201
"33",4.860208,4.860552,4.8604374,4.8604285,4.8604257,4.8604095,4.8603986,4.8603906,4.8603801,4.8603705,4.8603611,4.8603497,4.8603366,4.8603208,4.8603039,4.8602867,4.8602694,4.8602515,4.8602332,4.8602152,4.8601967,4.8601784,4.8601596,4.8601409,4.8601209,4.8600995,4.8600783,4.8600567,4.8600336,4.8600074,4.859973,4.8599238,4.8598671,4.8598011,4.8597224,4.8596256,4.859461,4.859232,4.8589038,4.85849,4.8580357,4.8574985,4.8569514,4.8564334,4.8560341,4.8557098,4.8554309,4.8552024,4.8550422,4.854976
"34",4.8738798,4.8734917,4.8725158,4.8721127,4.8718463,4.8716381,4.8714502,4.8713026,4.8711766,4.8710661,4.870965,4.8708723,4.8707835,4.8706996,4.8706177,4.8705423,4.8704698,4.8704003,4.8703331,4.8702672,4.8702037,4.8701397,4.8700793,4.8700196,4.8699623,4.8699063,4.8698498,4.8697951,4.8697407,4.8696871,4.8696314,4.8695767,4.8695216,4.8694667,4.8694126,4.8693522,4.8692969,4.8692394,4.8691733,4.8691106,4.8690296,4.8689375,4.8687911,4.8686491,4.8684279,4.8679313,4.8670993,4.8657593,4.8618204,4.8518085
"35",4.9602571,4.9571202,4.9456864,4.9390119,4.9337267,4.9286234,4.9234625,4.9166219,4.9101725,4.903994,4.8979267,4.8918887,4.8862764,4.8825487,4.879572,4.8768844,4.8743392,4.8719054,4.8695983,4.8673954,4.8652985,4.8632846,4.8613342,4.8594418,4.857608,4.8558737,4.854236,4.8527182,4.8513459,4.8501424,4.8491166,4.8482616,4.847558,4.8469773,4.8464924,4.8460815,4.8457277,4.8454185,4.8451455,4.8449036,4.8446919,4.8445137,4.8443791,4.8443102,4.8443569,4.844639,4.845401,4.8473922,4.8530395,4.8666871
"36",5.130176,5.1294566,5.128851,5.1283467,5.127907,5.1275115,5.1271132,5.1266534,5.1260406,5.1251234,5.1239677,5.1222465,5.1198569,5.116573,5.1123738,5.1069337,5.1014726,5.0952428,5.0857805,5.0669669,5.038957,5.011528,4.9889939,4.9691907,4.9506072,4.9328741,4.9162756,4.9022818,4.8920973,4.8844375,4.8785318,4.8738617,4.8700699,4.8669079,4.8642024,4.8618331,4.8597172,4.8577987,4.8560421,4.8544278,4.8529504,4.8516195,4.8504637,4.8495407,4.8489588,4.8489214,4.8498169,4.8523834,4.857901,4.8679221
"37",5.3678422,5.3650355,5.3599741,5.3575635,5.3559073,5.3544899,5.3531632,5.3519607,5.3507985,5.3496115,5.3483265,5.3469478,5.3454396,5.3434697,5.340741,5.3366424,5.3323481,5.3280162,5.3221172,5.312408,5.2831365,5.2461757,5.1930338,5.1199039,5.060009,5.0178418,4.9883164,4.966485,4.9496493,4.9362276,4.9252407,4.9160483,4.9082092,4.9014066,4.8954065,4.8900345,4.8851617,4.8806959,4.8765758,4.8727672,4.8692606,4.8660725,4.8632484,4.8608731,4.8590921,4.8581505,4.8584616,4.8607026,4.8658775,4.8750956
"38",5.5526471,5.5518104,5.5512301,5.5507833,5.550423,5.5500917,5.5497761,5.5493799,5.5489976,5.548596,5.5481302,5.5476196,5.5470263,5.546299,5.5453064,5.5437044,5.5415488,5.538311,5.5337856,5.5273629,5.5165307,5.4932996,5.4339923,5.3462607,5.2367327,5.1571285,5.0987683,5.0556897,5.0233749,4.9985732,4.9790374,4.9632337,4.9501116,4.9389437,4.9292212,4.9205862,4.9127878,4.9056529,4.8990682,4.8929677,4.8873264,4.8821585,4.8775212,4.873524,4.8703486,4.8682785,4.8677352,4.8692848,4.8734933,4.8803921
"39",5.8971159,5.8919634,5.882145,5.8749053,5.8670804,5.856199,5.8418048,5.8283898,5.8175824,5.8070309,5.792051,5.7733041,5.7604453,5.7507158,5.7409466,5.7317196,5.7225985,5.7121825,5.6992779,5.681772,5.6557125,5.6172285,5.5614347,5.4917464,5.4166478,5.3540077,5.2993452,5.2507361,5.2079569,5.1703174,5.136878,5.1067756,5.0793958,5.0536843,5.0288149,5.0041605,4.979261,4.9614014,4.9463912,4.932594,4.9196001,4.9072087,4.8958405,4.8873799,4.8825345,4.8790907,4.8773259,4.8777292,4.8809587,4.8879935
"40",5.809105,5.805919,5.8040778,5.8027462,5.8016881,5.8008025,5.8000173,5.7992818,5.7985805,5.7978941,5.7972078,5.7965051,5.7957715,5.7949964,5.7941246,5.7931409,5.7921097,5.7910127,5.7897152,5.7880231,5.7862158,5.784455,5.782405,5.7798224,5.7766175,5.7729283,5.7682215,5.7634233,5.7585733,5.7536333,5.7487963,5.7434806,5.7367185,5.7285922,5.7168923,5.6988545,5.6653794,5.616056,5.5494511,5.4595414,5.3459107,5.2525972,5.1588988,5.0547092,4.9756597,4.929831,4.9053508,4.8949999,4.8941546,4.9002195
"41",6.2357985,6.2314086,6.2239461,6.2205864,6.2183226,6.216444,6.2147193,6.212809,6.2108116,6.20895,6.207049,6.2049474,6.2025649,6.1997783,6.1967552,6.193698,6.1908186,6.188021,6.1853004,6.1826081,6.1798576,6.1770191,6.1741481,6.1712784,6.1683349,6.1649943,6.1614642,6.1576961,6.1533502,6.1463802,6.1388522,6.1296407,6.1154159,6.0958197,6.0685014,6.025612,5.9473686,5.840536,5.7102103,5.5854153,5.4671502,5.3552666,5.2522847,5.1601518,5.0810113,5.0170943,4.9697203,4.9389545,4.9237218,4.9219412
"42",6.6603081,6.6541563,6.6330554,6.6186931,6.6068417,6.5955012,6.583965,6.5715106,6.5582371,6.5454304,6.5357138,6.52672,6.5174831,6.5071414,6.4960136,6.4849494,6.4735627,6.4610045,6.4461245,6.4270033,6.4018714,6.372519,6.3383894,6.3022412,6.2730629,6.2523806,6.2361255,6.2221702,6.2090501,6.1955872,6.1806661,6.1630553,6.1412378,6.1132476,6.0765428,6.0280347,5.9645323,5.8839293,5.7870108,5.6784053,5.5649161,5.4527964,5.3466151,5.249528,5.1638191,5.0912649,5.0332834,4.9909117,4.9647344,4.9550447
"43",6.6431438,6.6394723,6.6370092,6.634581,6.6319832,6.6293738,6.6270627,6.6246038,6.6220357,6.6192562,6.6161886,6.6127295,6.6089327,6.6056626,6.6028927,6.6005651,6.5985281,6.5966808,6.5949687,6.5933294,6.5915288,6.5894885,6.5865396,6.5804961,6.5741659,6.5688352,6.5637981,6.5589145,6.5537012,6.5481855,6.540656,6.5317185,6.5222254,6.5116399,6.4981862,6.4797395,6.4518534,6.4049595,6.2999903,6.1009718,5.8536505,5.6183119,5.4604339,5.3407375,5.2432644,5.1623155,5.0967023,5.0471776,5.0152822,5.002859
"44",6.9796321,6.9762206,6.9738732,6.9712766,6.9687301,6.9660369,6.9631325,6.9599503,6.9563739,6.9521822,6.9478196,6.9433515,6.9390577,6.93515,6.9312214,6.9268274,6.9213797,6.9149702,6.9083129,6.9015976,6.8942078,6.8860801,6.8764926,6.8646414,6.8479016,6.8304345,6.8133519,6.7944881,6.7729748,6.7486885,6.7215052,6.7006159,6.683094,6.663656,6.6391847,6.6057647,6.5573344,6.4843468,6.3734164,6.2136584,6.0190451,5.8184402,5.6355407,5.4802289,5.3526428,5.2500322,5.17006,5.1115881,5.0746045,5.0597876
"45",7.4409141,7.4297179,7.3878895,7.3516091,7.3298658,7.316156,7.3050465,7.2945815,7.2832753,7.2697964,7.252163,7.228105,7.2098244,7.1952972,7.1835378,7.1738367,7.1656701,7.1587381,7.1525056,7.1466342,7.140864,7.1348886,7.1283972,7.1209435,7.1119546,7.1010248,7.0873152,7.0699327,7.0480843,7.0195355,6.9814299,6.938167,6.8949336,6.8476916,6.7907342,6.7167566,6.6152738,6.4768596,6.3442278,6.2047034,6.0541106,5.8960356,5.738853,5.5911729,5.459162,5.3464576,5.2551981,5.1869046,5.1429153,5.1245552
"46",7.8010177,7.7869125,7.7198535,7.6716962,7.6434926,7.6216709,7.6028397,7.585193,7.5707353,7.5566941,7.5401904,7.5091059,7.4800972,7.4632213,7.4507435,7.4406324,7.4317552,7.4238437,7.4166266,7.4098183,7.4032621,7.3968357,7.3904017,7.3837426,7.3766994,7.369196,7.3608736,7.3514563,7.3406137,7.3271051,7.3105922,7.2910676,7.266446,7.2318685,7.1791032,7.0892398,6.9191822,6.6368884,6.4359568,6.266973,6.1102924,5.95897,5.8125087,5.6735424,5.5458363,5.4332104,5.3391781,5.2669176,5.2192344,5.1984382
"47",8.6419503,8.6288002,8.5021301,8.4148573,8.3620997,8.321733,8.2839225,8.2466714,8.2066501,8.1489272,8.0581762,7.9586659,7.8765053,7.7980453,7.7158515,7.6397053,7.5974416,7.573569,7.558214,7.5470129,7.5379389,7.5299779,7.5225637,7.5153272,7.5079756,7.5002222,7.4917328,7.4820672,7.4705993,7.4563943,7.438009,7.4131684,7.3782565,7.3276021,7.2527888,7.1431278,6.990366,6.8000794,6.596054,6.3989496,6.2164692,6.048857,5.8946907,5.7533843,5.6256998,5.5135358,5.4195766,5.3469653,5.2989527,5.2783444
"48",8.6652803,8.6554063,8.6175113,8.5961578,8.5794985,8.5634742,8.5418065,8.5168778,8.4901482,8.4554398,8.4086819,8.3539511,8.3043763,8.2521073,8.1939934,8.1312164,8.0732169,8.0240397,7.9783561,7.9360898,7.8983594,7.8639549,7.8312842,7.7988267,7.7652642,7.7294989,7.6902465,7.6458868,7.5943214,7.533532,7.4630881,7.3972023,7.3327122,7.2614731,7.1767698,7.0733656,6.9485085,6.8031466,6.6422043,6.4730736,6.3031478,6.1381752,5.9820947,5.8377074,5.7073897,5.5935227,5.4986466,5.4254161,5.3764066,5.3539017
"49",9.8331564,9.8072283,9.4666447,9.3045882,9.1837743,9.0552375,9.0036231,8.9730844,8.9488704,8.9229032,8.8881701,8.8473102,8.7983103,8.7349419,8.6509021,8.5388853,8.4110583,8.3196506,8.2483707,8.188586,8.1350212,8.0844212,8.0347034,7.9843958,7.9323086,7.8773764,7.8186287,7.7552644,7.6868015,7.6132178,7.5349075,7.4523059,7.3653107,7.2729031,7.173223,7.0640616,6.9436221,6.8113224,6.6683079,6.5174156,6.3626173,6.2082765,6.0585966,5.9174135,5.7882488,5.674447,5.5792854,5.5060187,5.4578565,5.4378098
"50",9.9177894,9.9094927,9.8870912,9.8599657,9.8090457,9.6921779,9.6138034,9.5640625,9.5289025,9.4992631,9.4708141,9.43902,9.4012524,9.3539991,9.2956828,9.2247107,9.1374975,9.0240419,8.8662865,8.6602317,8.4532378,8.2772506,8.1430014,8.0525525,7.979335,7.9122948,7.8464449,7.7792888,7.7094085,7.6358736,7.5579668,7.4750319,7.3863819,7.2912567,7.1888474,7.0784074,6.9594517,6.8320148,6.6968868,6.5557341,6.4110431,6.2659161,6.1238227,5.988404,5.8633712,5.7524608,5.6593764,5.5876307,5.5402186,5.5191327
"51",9.8956689,9.8902849,9.8729859,9.8584028,9.8471438,9.8374579,9.8275261,9.8176657,9.8064923,9.7929989,9.778298,9.7569091,9.727113,9.7039529,9.6809846,9.6508966,9.6121161,9.5572688,9.4774579,9.3650138,9.2194173,9.0365596,8.8251728,8.6234876,8.4249807,8.2294892,8.0384032,7.8779299,7.7650018,7.6708477,7.5826611,7.4943452,7.4027847,7.3062208,7.2035681,7.0941655,6.9777367,6.8544495,6.7250072,6.5907188,6.4535134,6.3158866,6.1807976,6.0515505,5.9316815,5.8248468,5.7346881,5.6646566,5.6178066,5.5965808
"52",10.175859,10.161375,10.06931,10.024283,9.998518,9.9844792,9.9758039,9.9696373,9.9647506,9.9605783,9.95682,9.9533502,9.9500933,9.9469728,9.9438816,9.9406732,9.9371199,9.9326858,9.924695,9.914461,9.8995078,9.8683986,9.7471586,9.3955688,9.0001865,8.6322086,8.3546887,8.1331761,7.9527527,7.8026474,7.6732575,7.5565891,7.446503,7.3385313,7.2295568,7.1175225,7.0012269,6.8802057,6.7546742,6.625499,6.4941693,6.3627503,6.2338133,6.1103469,5.9956546,5.8932355,5.8066358,5.7392567,5.6941413,5.6738535
"53",10.0468,10.041182,10.013171,9.9917526,9.9758922,9.9640475,9.9543848,9.9463054,9.939011,9.9324542,9.9264498,9.9206631,9.9152211,9.9097129,9.9042223,9.8984784,9.8923015,9.8853172,9.8767889,9.8664699,9.8532662,9.8336527,9.8019908,9.7483036,9.6704758,9.5762716,9.4779439,9.3539742,9.2344535,9.1478072,9.0669041,8.9815795,8.8800931,8.6365876,8.3761274,7.9385602,7.4960266,7.13552,6.8746723,6.6946931,6.546778,6.4126429,6.2863309,6.1672632,6.0572826,5.9592991,5.8766269,5.8125992,5.770229,5.7517514
"54",10.206604,10.201135,10.197848,10.195092,10.192665,10.190319,10.18786,10.185157,10.182012,10.177967,10.172777,10.16613,10.158238,10.15029,10.141008,10.129799,10.118599,10.105808,10.088991,10.067126,10.043099,10.016759,9.9896681,9.9646283,9.9398737,9.9138355,9.8852562,9.853081,9.8158406,9.7738688,9.7281078,9.6684272,9.5774489,9.42231,9.1440214,8.6729337,8.0993116,7.603093,7.2177669,6.9252796,6.6991173,6.5174798,6.3657374,6.235304,6.1220157,6.024766,5.9443882,5.8827341,5.84195,5.8239805
"55",11.074677,11.064052,10.989484,10.926897,10.868651,10.820721,10.787271,10.764502,10.744215,10.72447,10.705077,10.685879,10.664884,10.643128,10.619853,10.592456,10.558016,10.512594,10.447086,10.366768,10.284079,10.21411,10.153373,10.098775,10.047687,9.9977088,9.9464635,9.8913811,9.8293998,9.7564973,9.6669823,9.5525494,9.4013941,9.1985146,8.9298489,8.5930348,8.2096448,7.8205644,7.4621751,7.1516309,6.8901555,6.6717172,6.4889425,6.3356413,6.2074621,6.1018348,6.0176989,5.9551369,5.9148986,5.897787
"56",12.085195,12.076621,12.069009,12.054128,12.026426,11.94279,11.723076,11.286244,11.067686,10.947909,10.871278,10.814225,10.765921,10.720849,10.675887,10.629119,10.579381,10.526122,10.469372,10.409699,10.34804,10.285394,10.2225,10.159584,10.096255,10.031495,9.9636551,9.8904294,9.8087462,9.7146034,9.6028907,9.4673337,9.3008346,9.0966474,8.8508004,8.5654599,8.2513185,7.9261402,7.6091076,7.3148793,7.0512422,6.8203243,6.6210798,6.4513418,6.308985,6.1924004,6.1006031,6.033197,5.9903141,5.972547
"57",12.411235,12.402824,12.378568,12.364386,12.350817,12.336332,12.318189,12.277203,12.107919,12.002265,11.895427,11.725112,11.397571,11.050396,10.847115,10.726553,10.641516,10.571743,10.508175,10.446619,10.385076,10.322542,10.258402,10.192089,10.122881,10.049755,9.9712913,9.8855763,9.7901245,9.6818199,9.5569274,9.4112617,9.2406386,9.041733,8.8133437,8.5577517,8.2814664,7.9945979,7.7087764,7.4345844,7.1798009,6.9490304,6.7443631,6.5663748,6.4149693,6.289892,6.1909456,6.1180018,6.0709141,6.0495242
"58",13.662958,13.640073,13.456762,13.371828,13.310901,13.25552,13.199382,13.132213,13.032296,12.869054,12.648853,12.265556,11.819726,11.479222,11.223715,11.021034,10.86159,10.734641,10.63015,10.540217,10.459079,10.382617,10.307848,10.232512,10.154752,10.072865,9.9851214,9.8896177,9.7841842,9.6663484,9.5333833,9.3824839,9.2111185,9.0175771,8.801663,8.5653439,8.3130668,8.0514572,7.7883717,7.5316257,7.287904,7.0622133,6.8579078,6.6770694,6.5209782,6.3905061,6.2863868,6.2094026,6.1605243,6.1409404
"59",13.245183,13.235759,13.217894,13.194184,13.168222,13.145233,13.129942,13.118784,13.10833,13.09829,13.085535,13.063126,12.982841,12.85947,12.728822,12.5187,12.364167,12.24305,12.127357,12.002014,11.791632,11.659362,11.559541,11.455566,11.328501,11.147275,10.87442,10.586974,10.294988,9.9855265,9.6631063,9.4218866,9.2182508,9.0176432,8.8070266,8.5829921,8.3470004,8.1032039,7.8571587,7.6148369,7.3818534,7.162982,6.9619959,6.7817659,6.6244921,6.4919493,6.3856623,6.3069664,6.2569269,6.2361222
"60",13.212585,13.207732,13.204524,13.199916,13.192028,13.178728,13.153458,13.102645,13.028537,12.990644,12.962782,12.937261,12.910675,12.880962,12.855983,12.839605,12.824614,12.808537,12.789897,12.766644,12.735515,12.694643,12.635175,12.542344,12.396346,12.164755,11.79728,11.285092,10.843914,10.421263,10.02644,9.6781723,9.3770817,9.1103231,8.8631323,8.624368,8.3877316,8.1511955,7.9158425,7.6846425,7.4614161,7.2500929,7.054285,6.8771208,6.7212436,6.5888712,6.4818337,6.4015557,6.3490065,6.324718
"61",13.353536,13.347942,13.344805,13.342544,13.340747,13.339241,13.337938,13.336786,13.335664,13.334571,13.333465,13.332318,13.331096,13.329749,13.328212,13.326392,13.323542,13.32019,13.316433,13.311956,13.305477,13.296741,13.285783,13.270906,13.244735,13.196171,13.088493,12.816852,12.300146,11.414612,10.522975,9.9766952,9.5831192,9.2618993,8.9777886,8.7143021,8.4631876,8.2204899,7.9849699,7.7572402,7.5391108,7.3330533,7.1417968,6.9680626,6.8144171,6.6832076,6.5765492,6.4963351,6.444233,6.4215548
"62",13.844294,13.839193,13.835816,13.833502,13.831709,13.830035,13.828193,13.826239,13.823758,13.820716,13.816977,13.813,13.809125,13.804497,13.798611,13.792166,13.783937,13.769775,13.754696,13.736927,13.717513,13.694655,13.659311,13.60277,13.505191,13.404922,13.253985,12.965067,12.343955,11.655693,10.981276,10.388125,9.8968356,9.4914558,9.1473238,8.8440482,8.5678583,8.3104585,8.0674415,7.8370399,7.619239,7.4151406,7.2265048,7.055431,6.9041447,6.7748511,6.6696143,6.5902301,6.5380911,6.5141071
"63",14.663891,14.653747,14.641552,14.627662,14.611324,14.589447,14.557112,14.503892,14.4486,14.389631,14.321732,14.246932,14.197455,14.166457,14.142206,14.121172,14.102063,14.08438,14.068622,14.055533,14.039483,14.017626,13.985761,13.935705,13.851289,13.685634,13.392971,12.88675,12.302609,11.723344,11.155878,10.622806,10.141131,9.7149948,9.3391297,9.0045402,8.7023509,8.4255105,8.1691785,7.9305148,7.7082794,7.502424,7.3137405,7.1435769,6.9936132,6.8656877,6.7616643,6.6833468,6.6324538,6.6106452
"64",15.137524,15.130127,15.117956,15.112273,15.108512,15.105446,15.102529,15.098626,15.094015,15.089413,15.084164,15.077032,15.066689,15.051551,15.021781,14.976866,14.92648,14.865168,14.784758,14.683988,14.540219,14.394115,14.218735,13.985631,13.717402,13.447869,13.135687,12.751061,12.295327,11.79517,11.284291,10.789279,10.325993,9.9011716,9.5152466,9.1650781,8.8461468,8.5540042,8.2850381,8.0367478,7.8077282,7.5975192,7.406412,7.2352636,7.0853342,6.9581422,6.8553182,6.7784259,6.7287328,6.7070018
"65",15.729625,15.719529,15.705218,15.693194,15.681571,15.668888,15.653853,15.637614,15.616463,15.595537,15.581725,15.570955,15.560704,15.54935,15.536774,15.522673,15.505561,15.480221,15.443767,15.385867,15.302845,15.190784,15.038365,14.823284,14.470237,13.953912,13.293909,12.76418,12.294378,11.832345,11.368666,10.911291,10.471237,10.056497,9.6708401,9.3147265,8.986691,8.6845158,8.4060171,8.1494779,7.9138248,7.6986424,7.5041001,7.3308412,7.1798627,7.0523972,6.9498029,6.8734603,6.8246526,6.8043338
"66",17.288687,17.262708,17.164821,17.078851,16.978786,16.884749,16.777958,16.620148,16.467698,16.32006,16.180771,16.056284,15.947777,15.854739,15.785318,15.731074,15.682417,15.632705,15.576294,15.50724,15.418105,15.298416,15.132522,14.897528,14.564968,14.115245,13.570475,13.002709,12.46159,11.95666,11.481426,11.029801,10.600076,10.193298,9.8109704,9.4538303,9.1216617,8.8136175,8.5286456,8.2658279,8.0245833,7.804751,7.6065882,7.4307176,7.2780485,7.1496876,7.0468492,6.9707839,6.92276,6.9041352
"67",17.94671,17.942275,17.938938,17.932938,17.924223,17.908986,17.881694,17.809155,17.650732,17.478146,17.269078,17.042049,16.80298,16.556202,16.308519,16.075342,15.891368,15.748139,15.621604,15.495129,15.355021,15.188215,14.981294,14.72107,14.397257,14.007206,13.56023,13.076664,12.580192,12.089514,11.615422,11.162657,10.732892,10.32671,9.9443574,9.5858367,9.2508728,8.9389715,8.6495702,8.3822098,8.1366669,7.9130263,7.7116941,7.533369,7.378985,7.2496317,7.1464431,7.0704275,7.0222154,7.0017681
"68",18.660308,18.649286,18.598944,18.550423,18.50554,18.454581,18.388922,18.283795,18.093301,17.804777,17.470325,17.209692,16.970864,16.737609,16.50929,16.290637,16.085181,15.89241,15.707854,15.524314,15.332951,15.123987,14.88737,14.613871,14.296799,13.934032,13.529471,13.092785,12.637138,12.175934,11.720255,11.277868,10.853536,10.44987,10.06814,9.7088328,9.3719991,9.0574662,8.7650029,8.4944539,8.2458411,8.0194241,7.8157144,7.6354475,7.4795182,7.3488898,7.244492,7.1671304,7.1174333,7.0958327
"69",19.170707,19.163549,19.136735,19.109804,19.074653,19.046261,19.017971,18.966061,18.863323,18.714744,18.460855,18.032012,17.442518,17.012768,16.695909,16.437427,16.208277,15.99291,15.782044,15.568769,15.346748,15.109591,14.850923,14.564951,14.247394,13.896575,13.514248,13.105716,12.679009,12.243396,11.807799,11.379686,10.964624,10.566368,10.187233,9.8285185,9.4908813,9.17462,8.8798838,8.6068225,8.355689,8.1268992,7.921053,7.7389194,7.5813924,7.4494299,7.3439804,7.265901,7.2158554,7.1941817
"70",18.865599,18.858437,18.839137,18.828864,18.817537,18.802554,18.782486,18.748863,18.693434,18.593375,18.462469,18.269416,18.018935,17.710076,17.34391,16.98605,16.730676,16.508576,16.293706,16.074073,15.841699,15.589983,15.312352,15.00294,14.653329,14.255192,13.792637,13.228253,12.754305,12.2993,11.879264,11.465575,11.061443,10.670736,10.296315,9.9400994,9.6033165,9.2867499,8.9909473,8.7163771,8.4635369,8.23302,8.0255436,7.841943,7.6831361,7.5500647,7.4436231,7.3645915,7.3136011,7.2911297
"71",18.252937,18.246992,18.236295,18.229067,18.22117,18.210736,18.198849,18.182067,18.154581,18.102946,18.032503,17.95972,17.872711,17.769725,17.682485,17.59848,17.50662,17.401978,17.281054,17.140342,16.976184,16.78386,16.557209,16.287703,15.963083,15.565901,15.06886,14.4332,13.624436,12.74401,12.110757,11.610575,11.176332,10.777697,10.402848,10.047979,9.7123471,9.3962258,9.10018,8.8248531,8.5709385,8.3391957,8.1304655,7.945666,7.78577,7.6517642,7.5445968,7.465108,7.4139265,7.3913054
"72",18.513483,18.505375,18.483339,18.47224,18.463143,18.454555,18.445622,18.436698,18.426884,18.415225,18.400115,18.383725,18.36541,18.329418,18.284589,18.23063,18.146053,17.982295,17.705683,17.408818,17.128908,16.848306,16.55064,16.220932,15.84239,15.407281,14.89729,14.307517,13.659246,13.002224,12.388196,11.840549,11.356538,10.92331,10.52839,10.16311,9.822469,9.5040056,9.2067705,8.9306594,8.676045,8.4435845,8.2341161,8.0485903,7.888012,7.753379,7.6456123,7.5654859,7.5135842,7.4903606
"73",19.241838,19.229685,19.168968,19.102823,19.043237,18.987788,18.934823,18.882545,18.843819,18.810116,18.776338,18.741099,18.701654,18.653074,18.589244,18.501048,18.376034,18.199301,17.961082,17.653114,17.281588,16.910469,16.548404,16.173337,15.767478,15.318236,14.819742,14.275453,13.700065,13.117067,12.55102,12.019451,11.529881,11.082007,10.671605,10.293619,9.9437735,9.6190802,9.3177661,9.0390001,8.7826224,8.5489352,8.3385553,8.1523053,7.9911269,7.8560065,7.7479086,7.6677105,7.6161153,7.5934913
"74",20.066982,20.055266,19.895019,19.778111,19.685321,19.589707,19.467774,19.291022,19.103299,18.994674,18.912362,18.838721,18.764524,18.682769,18.586649,18.4687,18.320635,18.133977,17.901892,17.62211,17.29923,16.943015,16.562209,16.159672,15.732716,15.276763,14.789488,14.273781,13.738664,13.197757,12.665866,12.155393,11.674239,11.225713,10.809768,10.424565,10.067729,9.7371183,9.4311593,9.1489137,8.8900112,8.6545379,8.4429245,8.2558454,8.0941266,7.9586564,7.8502981,7.7698125,7.7178083,7.6947277
"75",19.524541,19.513755,19.488377,19.472441,19.457226,19.437556,19.421265,19.377288,19.31773,19.268171,19.229017,19.195062,19.158969,19.116055,19.063993,18.994468,18.884941,18.741803,18.525419,18.297684,18.034841,17.715812,17.367537,16.987503,16.555112,16.055981,15.474382,14.788755,14.004849,13.337775,12.781901,12.275907,11.802175,11.357366,10.941165,10.5531,10.192196,9.8572934,9.5473764,9.261754,9.0001172,8.7625182,8.5493115,8.3610825,8.1985719,8.0626017,7.9540004,7.8735295,7.821822,7.7993839
"76",19.849829,19.838562,19.80068,19.786444,19.777978,19.771187,19.763751,19.755262,19.747145,19.739325,19.730753,19.720072,19.706954,19.688889,19.666,19.637318,19.598314,19.535555,19.406344,19.235227,19.058781,18.807334,18.392647,17.712743,17.077514,16.47439,15.824633,15.105155,14.352306,13.640002,13.007563,12.450652,11.951459,11.495361,11.073712,10.68197,10.317696,9.9794391,9.666279,9.3776775,9.113434,8.8736517,8.6586947,8.4691343,8.3056929,8.169189,8.0604888,7.9804605,7.9298924,7.9092764
"77",20.324375,20.3181,20.280527,20.254525,20.233113,20.212066,20.189867,20.173654,20.158886,20.142581,20.12417,20.09901,20.060726,20.001802,19.942851,19.887331,19.821566,19.730628,19.599553,19.416426,19.16731,18.829414,18.378645,17.815781,17.181316,16.516187,15.837354,15.150932,14.469056,13.811568,13.196204,12.631161,12.115692,11.644535,11.211665,10.812092,10.44226,10.099836,9.7833765,9.4920803,9.2256224,8.9840493,8.7677002,8.5771344,8.4130577,8.2762401,8.1674177,8.0871832,8.0358949,8.0136838
"78",20.364128,20.361324,20.358601,20.35676,20.355297,20.353983,20.352732,20.351521,20.350234,20.348602,20.346219,20.343226,20.338943,20.33011,20.308282,20.239252,20.162676,20.099229,20.019956,19.902643,19.716751,19.377816,18.793418,18.037259,17.240283,16.555759,15.889754,15.227231,14.574841,13.944316,13.346194,12.787084,12.269192,11.791389,11.350789,10.944072,10.568258,10.221032,9.900781,9.6065138,9.3377493,9.0944132,8.8767461,8.685218,8.5204441,8.3830982,8.2738179,8.193097,8.1411546,8.1178017
"79",20.570641,20.568045,20.565088,20.562113,20.558248,20.552912,20.546168,20.538855,20.530718,20.52069,20.507461,20.492369,20.471953,20.45092,20.434658,20.417589,20.396045,20.365483,20.317807,20.233914,20.077622,19.750775,19.235183,18.526904,17.646937,16.78032,16.022826,15.332192,14.682326,14.06422,13.477924,12.925981,12.410162,11.930589,11.486021,11.074498,10.693916,10.342406,10.018519,9.7212778,9.4501466,9.204972,8.9859042,8.7933163,8.6277205,8.4896855,8.3797604,8.2984107,8.2459686,8.2225784
"80",20.826992,20.820708,20.806631,20.800263,20.795948,20.792217,20.788517,20.784796,20.78042,20.775153,20.768537,20.757556,20.737955,20.709642,20.675988,20.633433,20.584204,20.530104,20.456272,20.342443,20.144994,19.798547,19.303944,18.73684,18.063763,17.287739,16.428259,15.59449,14.881458,14.223135,13.611841,13.061332,12.546652,12.066407,11.619566,11.204772,10.820519,10.465377,10.138165,9.8380302,9.5644726,9.3173191,9.0966719,8.9028444,8.7362924,8.5975461,8.4871517,8.4056282,8.3534386,8.3309442
"81",20.590149,20.583657,20.5655,20.557086,20.551214,20.545956,20.540796,20.535596,20.529837,20.523453,20.515972,20.50661,20.494138,20.478636,20.45738,20.424028,20.359805,20.228037,20.027481,19.843063,19.654517,19.477792,19.282795,19.056004,18.788427,18.471577,18.09552,17.648625,17.115394,16.474096,15.709725,14.918053,14.006876,12.971785,12.025218,11.428892,10.979057,10.599627,10.262468,9.9574083,9.6808183,9.4314904,9.2091838,9.0140935,8.8466338,8.7073258,8.5967196,8.5153201,8.4634995,8.4413716
"82",20.513457,20.513632,20.512853,20.512007,20.511184,20.510381,20.509584,20.508815,20.508001,20.50716,20.506226,20.505113,20.503325,20.499947,20.495285,20.487144,20.468421,20.420605,20.28844,20.125719,19.926278,19.677781,19.408858,19.109704,18.792707,18.446972,18.061747,17.626694,17.137193,16.568028,15.899705,15.122282,14.250138,13.344963,12.509191,11.814005,11.256669,10.803468,10.422864,10.093878,9.8044686,9.5483059,9.3223206,9.1252204,8.9566506,8.8167098,8.7056455,8.6236333,8.5706065,8.546157
"83",20.443157,20.442712,20.443474,20.443233,20.442629,20.441926,20.441168,20.440383,20.439501,20.438503,20.43731,20.435794,20.433838,20.430409,20.425227,20.417843,20.406729,20.387791,20.348057,20.274265,20.151151,19.954781,19.685741,19.355387,18.976773,18.555809,18.09343,17.58641,17.036009,16.442455,15.782391,15.053262,14.275304,13.490203,12.74759,12.083985,11.512015,11.02574,10.611449,10.255251,9.9462172,9.6768204,9.4423104,9.2398927,9.0680386,8.9259794,8.8133494,8.7299458,8.6755973,8.6501661
"84",20.599204,20.597462,20.596262,20.59509,20.59395,20.592745,20.591423,20.589942,20.588319,20.586406,20.584053,20.581223,20.577956,20.57413,20.569522,20.563692,20.555693,20.544476,20.526926,20.495088,20.435451,20.307216,20.011234,19.647007,19.159179,18.643954,18.132606,17.589611,17.007618,16.389885,15.733601,15.03989,14.322225,13.605858,12.920145,12.288933,11.724922,11.230041,10.799346,10.42517,10.099889,9.8172128,9.5724916,9.3625376,9.1852876,9.0394725,8.9243538,8.8395331,8.7848105,8.7600407
"85",20.299275,20.300209,20.300464,20.300502,20.30043,20.300285,20.300087,20.299845,20.299566,20.299253,20.298903,20.298512,20.298084,20.297594,20.297008,20.296234,20.294534,20.290254,20.283559,20.271264,20.220875,20.115286,19.977127,19.777105,19.487117,19.145465,18.740654,18.247287,17.684444,17.055127,16.389748,15.699483,14.962492,14.173727,13.453969,12.747363,12.04266,11.429429,10.978045,10.592041,10.255422,9.9622103,9.7083908,9.4910119,9.3079851,9.1578975,9.0398162,8.9530978,8.8971944,8.8714445
"86",19.434262,19.434779,19.434749,19.434509,19.434172,19.433784,19.433339,19.432861,19.432347,19.431813,19.431249,19.430625,19.429965,19.429221,19.428428,19.427613,19.426709,19.425661,19.424435,19.423136,19.422034,19.420996,19.419739,19.417914,19.415051,19.410443,19.396754,19.366526,19.199316,18.755524,17.905445,17.182615,16.482216,15.731139,14.884352,13.921573,12.879928,11.949647,11.291652,10.809507,10.429319,10.114484,9.8482145,9.6225893,9.4335836,9.2789637,9.1573696,9.0678862,9.009853,8.9828174
"87",19.228227,19.228939,19.229159,19.229237,19.229245,19.229212,19.229149,19.229064,19.22896,19.228842,19.22871,19.228566,19.22841,19.228244,19.228066,19.227876,19.22767,19.227442,19.22719,19.226899,19.226549,19.226104,19.224833,19.22264,19.219656,19.21434,19.203092,19.173989,19.090531,18.869682,18.570824,18.173247,17.622877,16.754522,15.413988,14.06557,13.108967,12.30001,11.630193,11.090259,10.655776,10.301829,10.009805,9.7676184,9.5679027,9.4062693,9.2801107,9.1878618,9.1285339,9.1013786
"88",18.889411,18.892426,18.898466,18.901461,18.903373,18.904727,18.905747,18.906442,18.906952,18.907347,18.907615,18.90783,18.907983,18.908064,18.90809,18.908057,18.907971,18.907838,18.907657,18.907414,18.907097,18.90669,18.906153,18.905389,18.904262,18.902537,18.899974,18.895685,18.887553,18.871606,18.835843,18.742886,18.487046,17.914874,16.790958,14.919833,13.577655,12.636277,11.920371,11.349347,10.88452,10.502534,10.187143,9.9268508,9.7137547,9.5425776,9.4098395,9.3132169,9.2510817,9.2221952
"89",18.970881,18.970439,18.970092,18.969796,18.969536,18.969303,18.969088,18.968887,18.968689,18.968489,18.968286,18.968076,18.967855,18.967619,18.967361,18.967076,18.966687,18.965962,18.965223,18.964506,18.96363,18.962466,18.9608,18.958194,18.954931,18.950417,18.943723,18.932009,18.901249,18.838263,18.700145,18.447413,17.997593,17.308353,16.334982,15.147521,13.989769,13.016438,12.238998,11.619095,11.118343,10.708875,10.371817,10.094424,9.8680232,9.6867081,9.5464542,9.4444974,9.3788955,9.3482286
"90",18.894823,18.894204,18.893363,18.892841,18.892435,18.892086,18.891774,18.891494,18.891245,18.891013,18.89079,18.890565,18.890357,18.890135,18.889917,18.889696,18.889466,18.889222,18.888958,18.888656,18.888307,18.8879,18.887366,18.886513,18.88484,18.882735,18.879193,18.873747,18.86234,18.833336,18.770167,18.604374,18.258484,17.622386,16.638711,15.330531,14.234407,13.303741,12.525364,11.883117,11.355431,10.921275,10.563505,10.269346,10.029668,9.8380718,9.6901181,9.5827479,9.513871,9.4820584
"91",18.849511,18.848893,18.848003,18.847434,18.846982,18.846581,18.846229,18.84591,18.845611,18.845329,18.845052,18.844771,18.844485,18.844197,18.8439,18.843585,18.843217,18.842806,18.842327,18.841742,18.840767,18.839599,18.837543,18.83307,18.826532,18.818922,18.807727,18.79032,18.766369,18.730955,18.672206,18.564088,18.382595,18.056289,17.4689,16.502827,14.885601,13.641092,12.796729,12.131028,11.584695,11.132388,10.757848,10.449128,10.19739,9.9962169,9.8410361,9.7286137,9.6566519,9.6234868
"92",18.910818,18.910285,18.909083,18.90617,18.902478,18.898932,18.89496,18.890278,18.885341,18.879917,18.875285,18.871031,18.867029,18.86309,18.858911,18.854189,18.847742,18.840038,18.83461,18.829535,18.824379,18.818575,18.811685,18.802791,18.790167,18.769637,18.742207,18.70987,18.668858,18.613271,18.533465,18.413782,18.228845,17.935945,17.459033,16.675414,15.48995,14.195827,13.18309,12.420709,11.825996,11.346657,10.954018,10.631587,10.368992,10.159268,9.9975869,9.8805456,9.8056733,9.7710365
"93",18.930874,18.931309,18.931438,18.931484,18.931567,18.931617,18.931656,18.931691,18.931718,18.931717,18.931701,18.931669,18.931619,18.931542,18.931419,18.931006,18.930366,18.928973,18.925727,18.921361,18.914884,18.899527,18.886458,18.868395,18.842436,18.809703,18.758902,18.681041,18.596633,18.502338,18.379987,18.208862,17.961034,17.597347,17.068522,16.333664,15.409543,14.41328,13.492081,12.716028,12.084902,11.573844,11.158061,10.819158,10.544642,10.326159,10.158038,10.036324,9.9581228,9.9211774
"94",18.825169,18.828657,18.830492,18.831947,18.833175,18.834329,18.835459,18.836548,18.83758,18.838702,18.839898,18.840803,18.841584,18.842288,18.842924,18.843487,18.843967,18.844231,18.844316,18.844326,18.84398,18.842818,18.840477,18.836691,18.829471,18.815276,18.787819,18.73758,18.639524,18.499022,18.292984,18.040237,17.734377,17.335634,16.809498,16.140648,15.351116,14.505808,13.685957,12.950264,12.321429,11.79717,11.365076,11.011563,10.725307,10.497829,10.323061,10.196718,10.115781,10.078098
"95",18.70414,18.707411,18.712551,18.716466,18.719248,18.721601,18.72362,18.725189,18.726369,18.72731,18.72805,18.728617,18.729069,18.729434,18.729719,18.729922,18.730043,18.730102,18.729994,18.729622,18.728837,18.727441,18.725289,18.721957,18.7165,18.706581,18.687778,18.645441,18.553071,18.385914,18.17176,17.901422,17.564029,17.144855,16.628781,16.01078,15.307604,14.560088,13.820544,13.13368,12.52543,12.003803,11.565682,11.203336,10.908392,10.673599,10.493271,10.36314,10.279989,10.24125
"96",18.754328,18.754679,18.754741,18.754742,18.754721,18.754687,18.754646,18.754599,18.754544,18.754481,18.75441,18.754328,18.754234,18.754088,18.753904,18.753676,18.753332,18.75292,18.752316,18.751365,18.749717,18.746541,18.739885,18.728297,18.706144,18.666525,18.602875,18.509867,18.391047,18.232003,18.02053,17.747973,17.407077,16.990405,16.492527,15.91544,15.274048,14.597162,13.921394,13.280976,12.699949,12.190264,11.754392,11.389311,11.089764,10.850244,10.665905,10.532811,10.447839,10.408412
"97",18.755843,18.75619,18.756254,18.756258,18.756237,18.756203,18.75616,18.756112,18.756055,18.755991,18.755919,18.755838,18.755747,18.755642,18.755521,18.755382,18.755176,18.754897,18.754524,18.754003,18.753195,18.752051,18.74952,18.743262,18.727506,18.687842,18.592017,18.448312,18.290635,18.106131,17.882001,17.605863,17.26764,16.860844,16.383818,15.841656,15.248124,14.625588,14.001568,13.402931,12.85072,12.357874,11.929896,11.567065,11.26678,11.025317,10.838864,10.703985,10.617729,10.577576
"98",18.741437,18.743364,18.7443,18.744915,18.745367,18.74572,18.74601,18.74626,18.746487,18.746703,18.74695,18.747252,18.747592,18.747935,18.748347,18.748818,18.749194,18.749514,18.749804,18.750044,18.750127,18.749162,18.7465,18.739512,18.721479,18.670771,18.539821,18.384612,18.210884,18.007937,17.768095,17.483356,17.145732,16.749428,16.293188,15.782044,15.228068,14.649585,14.068576,13.506917,12.982864,12.509087,12.092551,11.735668,11.43787,11.197003,11.010295,10.874875,10.787948,10.74674
"99",18.383398,18.385693,18.386812,18.387534,18.388052,18.388442,18.388745,18.388984,18.389174,18.389324,18.389443,18.389534,18.389601,18.389646,18.389672,18.38968,18.389672,18.389648,18.389609,18.389555,18.389479,18.389379,18.389241,18.389045,18.388682,18.386933,18.373725,18.346539,18.309601,18.257164,18.163416,17.874045,17.557494,17.053079,16.426206,15.874366,15.232981,14.670791,14.125723,13.597053,13.099787,12.645873,12.242882,11.894525,11.601672,11.363398,11.177825,11.042671,10.95556,10.914145
"100",17.948957,17.951437,17.952647,17.95344,17.954022,17.954474,17.954838,17.955137,17.955388,17.955599,17.955778,17.95593,17.956059,17.956167,17.956258,17.956333,17.956392,17.956438,17.956473,17.956495,17.956507,17.956508,17.956495,17.956465,17.956405,17.956184,17.955912,17.955521,17.954753,17.952061,17.946258,17.927576,17.87374,17.767755,17.530868,17.041987,16.029152,15.006908,14.254077,13.696062,13.210256,12.77309,12.383982,12.045554,11.759306,11.525233,11.342276,11.208772,11.122764,11.08216
"101",17.494857,17.499472,17.501799,17.503357,17.504523,17.505451,17.506216,17.506863,17.507421,17.507907,17.508335,17.508715,17.509054,17.509358,17.50963,17.509875,17.510095,17.510293,17.51047,17.510627,17.510767,17.510891,17.510998,17.51109,17.511168,17.511231,17.511284,17.511327,17.511355,17.511367,17.511356,17.511313,17.511207,17.509919,17.506827,17.486374,17.071603,15.585556,14.598586,13.898933,13.357448,12.907823,12.522203,12.190988,11.911407,11.68246,11.503164,11.372141,11.287602,11.247387
"102",17.071107,17.075164,17.077204,17.078563,17.079576,17.080378,17.081038,17.081596,17.082075,17.082493,17.08286,17.083186,17.083477,17.083737,17.083971,17.084182,17.084371,17.084542,17.084695,17.084832,17.084954,17.085063,17.085158,17.08524,17.08531,17.085367,17.085416,17.085456,17.085483,17.085495,17.085486,17.085446,17.085346,17.084692,17.083168,17.06527,16.811111,15.849521,14.871465,14.125879,13.539161,13.063797,12.668711,12.337058,12.060655,11.83558,11.659587,11.530861,11.447539,11.407604
"103",16.781533,16.785805,16.787945,16.789368,16.790425,16.791259,16.791944,16.79252,16.793014,16.793443,16.793819,16.794153,16.79445,16.794715,16.794954,16.795168,16.79536,16.795534,16.795689,16.795829,16.795953,16.796064,16.796161,16.796245,16.796317,16.796376,16.796427,16.796469,16.796498,16.796512,16.796503,16.796444,16.796252,16.795348,16.79392,16.789322,16.761163,16.583529,15.514707,14.407392,13.729781,13.226265,12.820559,12.485765,12.209986,11.98711,11.813609,11.687058,11.605389,11.566507
"104",16.423503,16.429388,16.432357,16.434419,16.436002,16.437313,16.438419,16.439359,16.440171,16.440888,16.441527,16.442099,16.442611,16.44307,16.443486,16.443862,16.444205,16.444518,16.444805,16.445068,16.445308,16.445527,16.445727,16.445909,16.446073,16.44622,16.446363,16.446503,16.446637,16.446763,16.446881,16.446998,16.447123,16.447316,16.447722,16.446433,16.417602,16.251812,15.615159,14.725373,13.979036,13.415004,12.981061,12.636222,12.358396,12.13656,11.96497,11.840179,11.75965,11.721137
"105",16.12298,16.128037,16.130608,16.132646,16.134266,16.135735,16.137167,16.138567,16.140045,16.141329,16.142457,16.143596,16.144721,16.14577,16.146687,16.147597,16.148488,16.149348,16.150153,16.150919,16.151713,16.152704,16.153669,16.154537,16.155284,16.15586,16.156359,16.156734,16.157031,16.157264,16.15741,16.157299,16.156528,16.154338,16.149015,16.132636,16.058402,15.821095,15.348548,14.744888,14.127265,13.587031,13.145246,12.790848,12.508104,12.285114,12.114265,11.990791,11.911445,11.873663
"106",15.874009,15.877601,15.87942,15.880647,15.881571,15.88231,15.882924,15.883447,15.8839,15.884301,15.88466,15.884986,15.885284,15.885557,15.885811,15.886047,15.886267,15.886475,15.886671,15.886857,15.887034,15.887202,15.887362,15.887524,15.887676,15.887819,15.887955,15.888085,15.888208,15.888327,15.888446,15.888574,15.88876,15.88888,15.8885,15.887105,15.877711,15.798916,15.35485,14.736904,14.189775,13.702954,13.284326,12.936418,12.654588,12.431781,12.261605,12.139161,12.060804,12.023665
"107",15.666775,15.669061,15.670222,15.671003,15.671614,15.672151,15.6726,15.672994,15.673347,15.673681,15.673979,15.674256,15.674501,15.674737,15.674946,15.675145,15.675332,15.675496,15.675657,15.675798,15.675935,15.676058,15.676174,15.676281,15.67638,15.676469,15.676556,15.676636,15.676706,15.676773,15.676833,15.676898,15.676991,15.677022,15.676555,15.674584,15.665018,15.604661,15.347619,14.758801,14.239635,13.786596,13.394055,13.062469,12.789613,12.57167,12.404408,12.283904,12.206771,12.17006
"108",15.422935,15.427122,15.429261,15.430709,15.431803,15.432683,15.433416,15.434042,15.434588,15.435069,15.435498,15.435884,15.436232,15.436549,15.436838,15.437103,15.437345,15.437568,15.437775,15.437967,15.438145,15.438312,15.438467,15.438613,15.438749,15.438877,15.439003,15.439128,15.439252,15.439377,15.439533,15.439747,15.440285,15.441115,15.442717,15.4434,15.441763,15.430466,15.365009,14.881016,14.323277,13.86644,13.488042,13.171811,12.910781,12.700995,12.539118,12.42201,12.346746,12.310646
"109",15.204106,15.206987,15.208457,15.209452,15.210204,15.210808,15.211321,15.211768,15.212165,15.212523,15.212849,15.213152,15.213432,15.213687,15.213921,15.214136,15.214332,15.214513,15.214679,15.214832,15.214971,15.215098,15.215214,15.215321,15.215418,15.215507,15.215594,15.215678,15.215763,15.215848,15.215939,15.216414,15.217358,15.219021,15.220643,15.221696,15.219498,15.200435,15.109094,14.755731,14.337016,13.933872,13.575425,13.271862,13.021563,12.820596,12.665416,12.553049,12.480869,12.446439
"110",14.994574,14.999298,15.001747,15.003787,15.005503,15.007072,15.008556,15.009922,15.011079,15.012055,15.012895,15.013642,15.014334,15.014985,15.015596,15.016171,15.016713,15.017215,15.017698,15.018147,15.018575,15.018974,15.019387,15.019784,15.020187,15.020612,15.021093,15.022133,15.02287,15.023841,15.025001,15.026087,15.02745,15.029356,15.031638,15.033666,15.033026,15.017704,14.933171,14.697922,14.329099,13.967511,13.641727,13.359434,13.122981,12.93178,12.783821,12.676661,12.60784,12.574955
"111",14.777983,14.782657,14.785056,14.786685,14.787921,14.788916,14.789748,14.790461,14.791083,14.791633,14.792125,14.792568,14.79297,14.793337,14.793674,14.793984,14.79427,14.794534,14.79478,14.795008,14.795222,14.79542,14.795606,14.795781,14.795945,14.796099,14.796252,14.796403,14.796554,14.796705,14.796863,14.79712,14.798126,14.80117,14.809265,14.823234,14.826466,14.802408,14.706985,14.526887,14.271747,13.979268,13.691532,13.432864,13.212666,13.033091,12.893456,12.792048,12.726802,12.695531
"112",14.437956,14.444163,14.447337,14.449484,14.45111,14.452417,14.453508,14.454442,14.455257,14.455978,14.456622,14.457203,14.45773,14.458212,14.458653,14.459058,14.459432,14.459778,14.460098,14.460394,14.460669,14.460924,14.46116,14.461378,14.46158,14.461766,14.461952,14.462139,14.462328,14.462521,14.462724,14.463005,14.463604,14.464478,14.467089,14.475573,14.497859,14.503659,14.486409,14.399329,14.194526,13.960878,13.71927,13.491239,13.290877,13.124584,12.994095,12.898893,12.837508,12.808118
"113",14.065322,14.069776,14.072052,14.073592,14.074759,14.075696,14.076479,14.077149,14.077734,14.078251,14.078713,14.07913,14.079508,14.079853,14.080169,14.08046,14.080728,14.080976,14.081205,14.081417,14.081614,14.081795,14.081964,14.082119,14.082262,14.082394,14.082525,14.082655,14.082784,14.082911,14.083038,14.083166,14.083299,14.083488,14.083828,14.085308,14.090626,14.12133,14.158452,14.153292,14.056529,13.897493,13.712423,13.525331,13.352478,13.20402,13.08506,12.997278,12.940418,12.913265
"114",13.783472,13.79059,13.794804,13.798434,13.801402,13.804275,13.806991,13.809327,13.811264,13.81296,13.814368,13.815559,13.816573,13.817485,13.818303,13.819055,13.81985,13.820633,13.821513,13.822519,13.823722,13.824683,13.825666,13.826694,13.827762,13.828921,13.830106,13.831634,13.832814,13.833875,13.835073,13.836452,13.838726,13.840475,13.843581,13.850257,13.871496,13.919652,13.96491,13.971706,13.917985,13.813365,13.677813,13.531648,13.390526,13.265082,13.16182,13.084092,13.033043,13.008426
"115",13.497342,13.503229,13.506244,13.508285,13.509832,13.511077,13.512118,13.513011,13.513791,13.514483,13.515103,13.515665,13.516176,13.516644,13.517075,13.517473,13.517842,13.518185,13.518505,13.518803,13.519082,13.519344,13.51959,13.519822,13.520039,13.520244,13.520452,13.520667,13.520893,13.52129,13.521991,13.523665,13.528543,13.535332,13.542662,13.55206,13.566065,13.590295,13.661301,13.741145,13.773004,13.723759,13.633183,13.52393,13.412381,13.309836,13.223484,13.157449,13.113657,13.092502
"116",13.063305,13.069799,13.073118,13.075358,13.077049,13.078405,13.079536,13.080503,13.081347,13.082094,13.082763,13.083368,13.083919,13.084423,13.084889,13.085319,13.085718,13.08609,13.086437,13.086762,13.087065,13.08735,13.087617,13.087867,13.088102,13.088321,13.088545,13.088773,13.089005,13.089246,13.089497,13.089767,13.090072,13.090481,13.092098,13.094573,13.100903,13.128171,13.167117,13.231598,13.30676,13.352166,13.373313,13.391995,13.379412,13.331433,13.269088,13.216802,13.180951,13.163483
"117",12.64018,12.647199,12.650793,12.653221,12.655054,12.656524,12.657749,12.658796,12.65971,12.660517,12.66124,12.661892,12.662485,12.663027,12.663525,12.663984,12.66441,12.664805,12.665172,12.665514,12.665833,12.666131,12.666409,12.666669,12.666911,12.667137,12.667365,12.667595,12.667827,12.668061,12.668298,12.668537,12.668778,12.669021,12.669265,12.669515,12.669784,12.670272,12.671948,12.676276,12.686951,12.717186,12.804409,12.981954,13.163803,13.23495,13.245364,13.234797,13.221203,13.213038
"118",12.211903,12.216974,12.219589,12.221371,12.22273,12.22383,12.224755,12.225552,12.226253,12.226877,12.22744,12.227951,12.228418,12.228849,12.229247,12.229616,12.229961,12.230283,12.230584,12.230866,12.231132,12.231382,12.231617,12.231838,12.232047,12.232243,12.232443,12.232647,12.232856,12.233071,12.23329,12.233516,12.233749,12.233989,12.234237,12.234496,12.234769,12.235068,12.235419,12.235942,12.239038,12.242723,12.254937,12.314542,12.57975,12.93875,13.149834,13.200169,13.216317,13.221417
"119",11.707151,11.714779,11.71869,11.721333,11.72333,11.724933,11.726269,11.727411,11.728408,11.72929,11.730078,11.73079,11.731437,11.732029,11.732574,11.733076,11.733542,11.733974,11.734377,11.734753,11.735104,11.735432,11.735739,11.736027,11.736296,11.736548,11.736804,11.737063,11.737326,11.737593,11.737865,11.738142,11.738425,11.738713,11.739008,11.739311,11.739621,11.73994,11.740269,11.740617,11.741021,11.741856,11.745705,11.754158,11.777844,11.915356,12.592888,12.974775,13.112031,13.158531
"120",11.252698,11.258941,11.262153,11.264338,11.266,11.267342,11.268468,11.269438,11.270287,11.271042,11.271721,11.272336,11.272898,11.273414,11.273889,11.27433,11.274739,11.27512,11.275476,11.275808,11.27612,11.276412,11.276686,11.276943,11.277184,11.27741,11.277639,11.277873,11.27811,11.278352,11.278599,11.278851,11.279109,11.279373,11.279645,11.279924,11.280212,11.28051,11.280819,11.281143,11.28149,11.282277,11.284007,11.290078,11.331739,11.684617,12.246681,12.655422,12.87801,12.968532
"121",10.88962,10.898301,10.904099,10.908295,10.911657,10.914562,10.917156,10.919588,10.921654,10.923433,10.924981,10.926357,10.927549,10.928602,10.929547,10.930409,10.9312,10.931931,10.932616,10.933239,10.933832,10.93439,10.934935,10.935454,10.93596,10.936454,10.936964,10.937509,10.938083,10.938601,10.939132,10.939647,10.940173,10.940763,10.941531,10.942622,10.944294,10.947878,10.955366,10.967105,10.984133,11.015512,11.055288,11.119916,11.265436,11.590919,12.013551,12.379573,12.614524,12.721385
"122",10.701149,10.704869,10.70681,10.708151,10.709185,10.710032,10.710757,10.711401,10.711989,10.712536,10.713099,10.713658,10.71422,10.714845,10.715427,10.716035,10.716702,10.717741,10.718489,10.71922,10.720028,10.720895,10.721588,10.722205,10.722753,10.723279,10.723816,10.724349,10.724903,10.725491,10.726102,10.726758,10.727486,10.728355,10.729438,10.731131,10.733664,10.736872,10.74235,10.751565,10.769262,10.805227,10.866654,11.112641,11.359003,11.616201,11.904722,12.175514,12.37242,12.471498
"123",10.383624,10.390764,10.394425,10.396907,10.398788,10.400305,10.401574,10.402664,10.403619,10.404467,10.405228,10.405918,10.406547,10.407125,10.407657,10.408151,10.40861,10.409037,10.409436,10.40981,10.41016,10.410489,10.410798,10.411088,10.41136,10.411616,10.411876,10.412141,10.412412,10.412688,10.412971,10.413261,10.413558,10.413864,10.41418,10.414506,10.41485,10.415224,10.415655,10.417507,10.420114,10.426951,10.451791,10.573087,10.880199,11.264761,11.712383,11.991359,12.168363,12.256201
"124",9.9661506,9.9748183,9.979267,9.9822771,9.9845529,9.9863804,9.9879048,9.9892101,9.9903493,9.9913582,9.9922619,9.9930787,9.9938225,9.9945039,9.9951313,9.9957113,9.9962494,9.9967501,9.9972169,9.9976531,9.9980612,9.998444,9.9988036,9.9991419,9.9994603,9.99976,10.000065,10.000374,10.00069,10.001011,10.00134,10.001676,10.002023,10.00238,10.002762,10.003294,10.003895,10.00466,10.005732,10.007537,10.011616,10.022471,10.053465,10.160346,10.446085,10.881376,11.390989,11.723639,11.933195,12.035297
